{
  "total_samples": 654,
  "data_shape": [
    654,
    81,
    2
  ],
  "modal_features_shape": [
    654,
    81,
    2,
    16
  ],
  "label_distribution": {
    "a": 110,
    "b": 196,
    "c": 109,
    "d": 239
  },
  "angles_range": [
    10.0,
    90.0
  ],
  "processing_date": "2026-01-03T10:04:30.605385",
  "outlier_info": {
    "method": "gradient2",
    "outlier_indices": [
      3,
      5,
      6,
      45,
      48,
      52,
      54,
      57,
      77,
      89,
      92,
      94,
      98,
      102,
      105,
      118,
      120,
      122,
      126,
      128,
      130,
      131,
      139,
      144,
      145,
      148,
      153,
      154,
      157,
      160,
      163,
      179,
      189,
      208,
      211,
      212,
      214,
      215,
      216,
      248,
      249,
      252,
      259,
      260,
      262,
      263,
      264,
      266,
      298,
      368,
      419,
      420,
      421,
      422,
      423,
      428,
      471,
      475,
      527,
      534,
      549,
      552,
      554,
      633,
      685,
      687,
      689
    ],
    "outlier_stats": {
      "gradient": {
        "variance_threshold": 0.0004136495449716995,
        "variance_outliers": [
          6,
          45,
          48,
          89,
          92,
          94,
          122,
          139,
          145,
          148,
          154,
          157,
          179,
          189,
          208,
          214,
          252,
          259,
          260,
          264,
          419,
          420,
          421,
          422,
          423,
          534,
          549,
          552,
          633
        ],
        "segment_outliers": [
          3,
          5,
          6,
          45,
          48,
          52,
          54,
          57,
          77,
          89,
          92,
          94,
          98,
          102,
          105,
          118,
          120,
          122,
          126,
          128,
          130,
          131,
          139,
          144,
          145,
          148,
          153,
          154,
          157,
          160,
          163,
          179,
          189,
          208,
          211,
          212,
          214,
          215,
          216,
          248,
          249,
          252,
          259,
          260,
          262,
          263,
          264,
          266,
          298,
          368,
          428,
          471,
          475,
          527,
          534,
          549,
          552,
          554,
          633,
          685,
          687,
          689
        ],
        "total_outliers": [
          128,
          130,
          259,
          260,
          3,
          6,
          5,
          264,
          131,
          262,
          139,
          263,
          266,
          527,
          144,
          145,
          148,
          534,
          153,
          154,
          157,
          160,
          419,
          420,
          421,
          422,
          423,
          549,
          552,
          163,
          298,
          428,
          45,
          554,
          685,
          48,
          687,
          689,
          179,
          52,
          54,
          57,
          189,
          77,
          208,
          211,
          212,
          214,
          215,
          216,
          89,
          471,
          475,
          92,
          94,
          248,
          98,
          249,
          102,
          105,
          368,
          118,
          120,
          633,
          122,
          252,
          126
        ]
      }
    },
    "removed_count": 67,
    "removal_percentage": 9.29264909847434
  }
}