{
  "accuracy": 0.7557251908396947,
  "balanced_accuracy": 0.7363417832167832,
  "f1_score": 0.7473826115812179,
  "roc_auc": 0.8999175333506602,
  "pr_auc": 0.7845391934621828,
  "mcc": 0.6588590164235393,
  "classification_report": {
    "0": {
      "precision": 0.8,
      "recall": 0.7272727272727273,
      "f1-score": 0.7619047619047619,
      "support": 22.0
    },
    "1": {
      "precision": 0.6976744186046512,
      "recall": 0.7692307692307693,
      "f1-score": 0.7317073170731707,
      "support": 39.0
    },
    "2": {
      "precision": 0.7777777777777778,
      "recall": 0.6363636363636364,
      "f1-score": 0.7,
      "support": 22.0
    },
    "3": {
      "precision": 0.78,
      "recall": 0.8125,
      "f1-score": 0.7959183673469388,
      "support": 48.0
    },
    "accuracy": 0.7557251908396947,
    "macro avg": {
      "precision": 0.7638630490956073,
      "recall": 0.7363417832167832,
      "f1-score": 0.7473826115812179,
      "support": 131.0
    },
    "weighted avg": {
      "precision": 0.7584764384480345,
      "recall": 0.7557251908396947,
      "f1-score": 0.7549814638199348,
      "support": 131.0
    }
  }
}