{
  "accuracy": 0.35877862595419846,
  "balanced_accuracy": 0.24599358974358976,
  "f1_score": 0.1425865800865801,
  "roc_auc": 0.5599710528483007,
  "pr_auc": 0.28827915196294035,
  "mcc": -0.03374449949587076,
  "classification_report": {
    "0": {
      "precision": 0.0,
      "recall": 0.0,
      "f1-score": 0.0,
      "support": 22.0
    },
    "1": {
      "precision": 0.3333333333333333,
      "recall": 0.02564102564102564,
      "f1-score": 0.047619047619047616,
      "support": 39.0
    },
    "2": {
      "precision": 0.0,
      "recall": 0.0,
      "f1-score": 0.0,
      "support": 22.0
    },
    "3": {
      "precision": 0.359375,
      "recall": 0.9583333333333334,
      "f1-score": 0.5227272727272727,
      "support": 48.0
    },
    "accuracy": 0.35877862595419846,
    "macro avg": {
      "precision": 0.17317708333333331,
      "recall": 0.24599358974358976,
      "f1-score": 0.1425865800865801,
      "support": 131.0
    },
    "weighted avg": {
      "precision": 0.23091603053435114,
      "recall": 0.35877862595419846,
      "f1-score": 0.20571032021413702,
      "support": 131.0
    }
  }
}