{
  "accuracy": 0.6030534351145038,
  "balanced_accuracy": 0.5745192307692308,
  "f1_score": 0.5865079365079365,
  "roc_auc": 0.8138553354634323,
  "pr_auc": 0.6132164212689952,
  "mcc": 0.4421708607391972,
  "classification_report": {
    "0": {
      "precision": 0.5454545454545454,
      "recall": 0.5454545454545454,
      "f1-score": 0.5454545454545454,
      "support": 22.0
    },
    "1": {
      "precision": 0.6052631578947368,
      "recall": 0.5897435897435898,
      "f1-score": 0.5974025974025974,
      "support": 39.0
    },
    "2": {
      "precision": 0.7142857142857143,
      "recall": 0.45454545454545453,
      "f1-score": 0.5555555555555556,
      "support": 22.0
    },
    "3": {
      "precision": 0.5964912280701754,
      "recall": 0.7083333333333334,
      "f1-score": 0.6476190476190476,
      "support": 48.0
    },
    "accuracy": 0.6030534351145038,
    "macro avg": {
      "precision": 0.615373661426293,
      "recall": 0.5745192307692308,
      "f1-score": 0.5865079365079365,
      "support": 131.0
    },
    "weighted avg": {
      "precision": 0.6103139528209838,
      "recall": 0.6030534351145038,
      "f1-score": 0.600050670279678,
      "support": 131.0
    }
  }
}