{
  "accuracy": 0.6717557251908397,
  "balanced_accuracy": 0.6458697552447552,
  "f1_score": 0.6540960144730296,
  "roc_auc": 0.8391827525904969,
  "pr_auc": 0.6665843767717348,
  "mcc": 0.5416086643797478,
  "classification_report": {
    "0": {
      "precision": 0.7058823529411765,
      "recall": 0.5454545454545454,
      "f1-score": 0.6153846153846154,
      "support": 22.0
    },
    "1": {
      "precision": 0.6363636363636364,
      "recall": 0.717948717948718,
      "f1-score": 0.6746987951807228,
      "support": 39.0
    },
    "2": {
      "precision": 0.6190476190476191,
      "recall": 0.5909090909090909,
      "f1-score": 0.6046511627906976,
      "support": 22.0
    },
    "3": {
      "precision": 0.7142857142857143,
      "recall": 0.7291666666666666,
      "f1-score": 0.7216494845360825,
      "support": 48.0
    },
    "accuracy": 0.6717557251908397,
    "macro avg": {
      "precision": 0.6688948306595366,
      "recall": 0.6458697552447552,
      "f1-score": 0.6540960144730296,
      "support": 131.0
    },
    "weighted avg": {
      "precision": 0.6736821029591572,
      "recall": 0.6717557251908397,
      "f1-score": 0.6701772167147865,
      "support": 131.0
    }
  }
}