{
  "accuracy": 0.6641221374045801,
  "balanced_accuracy": 0.6715836247086248,
  "f1_score": 0.6599309684348048,
  "roc_auc": 0.8758419948241309,
  "pr_auc": 0.7508947370902228,
  "mcc": 0.5400000277488725,
  "classification_report": {
    "0": {
      "precision": 0.6206896551724138,
      "recall": 0.8181818181818182,
      "f1-score": 0.7058823529411765,
      "support": 22.0
    },
    "1": {
      "precision": 0.6052631578947368,
      "recall": 0.5897435897435898,
      "f1-score": 0.5974025974025974,
      "support": 39.0
    },
    "2": {
      "precision": 0.65,
      "recall": 0.5909090909090909,
      "f1-score": 0.6190476190476191,
      "support": 22.0
    },
    "3": {
      "precision": 0.75,
      "recall": 0.6875,
      "f1-score": 0.717391304347826,
      "support": 48.0
    },
    "accuracy": 0.6641221374045801,
    "macro avg": {
      "precision": 0.6564882032667877,
      "recall": 0.6715836247086248,
      "f1-score": 0.6599309684348048,
      "support": 131.0
    },
    "weighted avg": {
      "precision": 0.6684002715396018,
      "recall": 0.6641221374045801,
      "f1-score": 0.6632209411538202,
      "support": 131.0
    }
  }
}