{
  "accuracy": 0.5725190839694656,
  "balanced_accuracy": 0.5708041958041958,
  "f1_score": 0.5585227272727273,
  "roc_auc": 0.7765621444469766,
  "pr_auc": 0.5525051203925098,
  "mcc": 0.4178662559808909,
  "classification_report": {
    "0": {
      "precision": 0.5769230769230769,
      "recall": 0.6818181818181818,
      "f1-score": 0.625,
      "support": 22.0
    },
    "1": {
      "precision": 0.5869565217391305,
      "recall": 0.6923076923076923,
      "f1-score": 0.6352941176470588,
      "support": 39.0
    },
    "2": {
      "precision": 0.4090909090909091,
      "recall": 0.4090909090909091,
      "f1-score": 0.4090909090909091,
      "support": 22.0
    },
    "3": {
      "precision": 0.6486486486486487,
      "recall": 0.5,
      "f1-score": 0.5647058823529412,
      "support": 48.0
    },
    "accuracy": 0.5725190839694656,
    "macro avg": {
      "precision": 0.5554047891004413,
      "recall": 0.5708041958041958,
      "f1-score": 0.5585227272727273,
      "support": 131.0
    },
    "weighted avg": {
      "precision": 0.578005703628007,
      "recall": 0.5725190839694656,
      "f1-score": 0.569712617871576,
      "support": 131.0
    }
  }
}