{
  "accuracy": 0.6870229007633588,
  "balanced_accuracy": 0.6908143939393939,
  "f1_score": 0.6863888971440458,
  "roc_auc": 0.8828004097443943,
  "pr_auc": 0.745261833640845,
  "mcc": 0.5673788347501771,
  "classification_report": {
    "0": {
      "precision": 0.7083333333333334,
      "recall": 0.7727272727272727,
      "f1-score": 0.7391304347826086,
      "support": 22.0
    },
    "1": {
      "precision": 0.6842105263157895,
      "recall": 0.6666666666666666,
      "f1-score": 0.6753246753246753,
      "support": 39.0
    },
    "2": {
      "precision": 0.6363636363636364,
      "recall": 0.6363636363636364,
      "f1-score": 0.6363636363636364,
      "support": 22.0
    },
    "3": {
      "precision": 0.7021276595744681,
      "recall": 0.6875,
      "f1-score": 0.6947368421052632,
      "support": 48.0
    },
    "accuracy": 0.6870229007633588,
    "macro avg": {
      "precision": 0.6827587888968067,
      "recall": 0.6908143939393939,
      "f1-score": 0.6863888971440458,
      "support": 131.0
    },
    "weighted avg": {
      "precision": 0.6867913856429282,
      "recall": 0.6870229007633588,
      "f1-score": 0.6866099261368883,
      "support": 131.0
    }
  }
}