{
  "accuracy": 0.6106870229007634,
  "balanced_accuracy": 0.5636655011655012,
  "f1_score": 0.5806495306495307,
  "roc_auc": 0.8249628859565614,
  "pr_auc": 0.6393679325854318,
  "mcc": 0.44935061277616134,
  "classification_report": {
    "0": {
      "precision": 0.7333333333333333,
      "recall": 0.5,
      "f1-score": 0.5945945945945946,
      "support": 22.0
    },
    "1": {
      "precision": 0.6410256410256411,
      "recall": 0.6410256410256411,
      "f1-score": 0.6410256410256411,
      "support": 39.0
    },
    "2": {
      "precision": 0.5333333333333333,
      "recall": 0.36363636363636365,
      "f1-score": 0.43243243243243246,
      "support": 22.0
    },
    "3": {
      "precision": 0.5806451612903226,
      "recall": 0.75,
      "f1-score": 0.6545454545454545,
      "support": 48.0
    },
    "accuracy": 0.6106870229007634,
    "macro avg": {
      "precision": 0.6220843672456575,
      "recall": 0.5636655011655012,
      "f1-score": 0.5806495306495307,
      "support": 131.0
    },
    "weighted avg": {
      "precision": 0.6163178199129936,
      "recall": 0.6106870229007634,
      "f1-score": 0.6031509649830261,
      "support": 131.0
    }
  }
}