{
  "accuracy": 0.3969465648854962,
  "balanced_accuracy": 0.281650641025641,
  "f1_score": 0.21372002230897935,
  "roc_auc": 0.5562871305669483,
  "pr_auc": 0.28553627735870735,
  "mcc": 0.09901541563760816,
  "classification_report": {
    "0": {
      "precision": 0.0,
      "recall": 0.0,
      "f1-score": 0.0,
      "support": 22.0
    },
    "1": {
      "precision": 0.5625,
      "recall": 0.23076923076923078,
      "f1-score": 0.32727272727272727,
      "support": 39.0
    },
    "2": {
      "precision": 0.0,
      "recall": 0.0,
      "f1-score": 0.0,
      "support": 22.0
    },
    "3": {
      "precision": 0.3739130434782609,
      "recall": 0.8958333333333334,
      "f1-score": 0.5276073619631901,
      "support": 48.0
    },
    "accuracy": 0.3969465648854962,
    "macro avg": {
      "precision": 0.23410326086956523,
      "recall": 0.281650641025641,
      "f1-score": 0.21372002230897935,
      "support": 131.0
    },
    "weighted avg": {
      "precision": 0.3044681380683704,
      "recall": 0.3969465648854962,
      "f1-score": 0.29075412013640833,
      "support": 131.0
    }
  }
}