{
  "accuracy": 0.366412213740458,
  "balanced_accuracy": 0.25,
  "f1_score": 0.1340782122905028,
  "roc_auc": 0.5063057413600892,
  "pr_auc": 0.6241532159890008,
  "mcc": 0.0,
  "classification_report": {
    "0": {
      "precision": 0.0,
      "recall": 0.0,
      "f1-score": 0.0,
      "support": 22.0
    },
    "1": {
      "precision": 0.0,
      "recall": 0.0,
      "f1-score": 0.0,
      "support": 39.0
    },
    "2": {
      "precision": 0.0,
      "recall": 0.0,
      "f1-score": 0.0,
      "support": 22.0
    },
    "3": {
      "precision": 0.366412213740458,
      "recall": 1.0,
      "f1-score": 0.5363128491620112,
      "support": 48.0
    },
    "accuracy": 0.366412213740458,
    "macro avg": {
      "precision": 0.0916030534351145,
      "recall": 0.25,
      "f1-score": 0.1340782122905028,
      "support": 131.0
    },
    "weighted avg": {
      "precision": 0.1342579103781831,
      "recall": 0.366412213740458,
      "f1-score": 0.19651157831890487,
      "support": 131.0
    }
  }
}