{
  "accuracy": 0.6106870229007634,
  "balanced_accuracy": 0.5563082750582751,
  "f1_score": 0.5845366859946476,
  "roc_auc": 0.8532788042247399,
  "pr_auc": 0.6845664979039349,
  "mcc": 0.44978211131201673,
  "classification_report": {
    "0": {
      "precision": 0.9,
      "recall": 0.4090909090909091,
      "f1-score": 0.5625,
      "support": 22.0
    },
    "1": {
      "precision": 0.6486486486486487,
      "recall": 0.6153846153846154,
      "f1-score": 0.631578947368421,
      "support": 39.0
    },
    "2": {
      "precision": 0.6428571428571429,
      "recall": 0.4090909090909091,
      "f1-score": 0.5,
      "support": 22.0
    },
    "3": {
      "precision": 0.5428571428571428,
      "recall": 0.7916666666666666,
      "f1-score": 0.6440677966101694,
      "support": 48.0
    },
    "accuracy": 0.6106870229007634,
    "macro avg": {
      "precision": 0.6835907335907335,
      "recall": 0.5563082750582751,
      "f1-score": 0.5845366859946476,
      "support": 131.0
    },
    "weighted avg": {
      "precision": 0.6511244068495977,
      "recall": 0.6106870229007634,
      "f1-score": 0.6024567418676072,
      "support": 131.0
    }
  }
}